year,country,eci,eci_norm,population,gdp_pc,gdp,inflation,economic_freedom,gross_fix_cap,trade_openness,fdi,human_capital,private_sec_cred,rule_of_law,fdi_gdp
1996,Bulgaria,0.34916,0.2704136760366298,8362826,9733.23249649045,56665176230.1267,69.7713957134241,48.6,1066197373.76472,86.5894727130138,109000000,2.8382773399353027,28.12428,-0.344958,0.0019235800054222523
1997,Bulgaria,0.501917,0.35323074787843495,8312068,9686.04433675727,47340766505.7714,779.470207767449,47.6,2670502233.65371,87.2692464747278,504800000,2.8540377616882324,19.94219,1.068723,0.01066311420915542
1998,Bulgaria,0.483749,0.3433809828187525,8256786,10369.9780327934,50706611976.9277,31.1674517190206,45.7,3541830242.31758,77.5016917450445,537317256.150851,2.8698859214782715,7.61691,-0.2126625,0.01059659155289923
1999,Bulgaria,0.450126,0.3251523032391783,8210624,9551.4565818696,47352237997.7247,3.21756664558698,46.2,4334709625.01692,90.7096353904865,818788154.863275,2.885821580886841,10.38936,1.258094,0.01729143519895761
2000,Bulgaria,0.442311,0.3209154079319668,8170172,10056.2019060593,52120721618.9704,7.19676825327954,47.3,5049005008.79924,78.2943876710661,1001503841.99968,2.901846170425415,11.13091,-0.1210048,0.019215080123433332
2001,Bulgaria,0.344109,0.267675280873901,8009142,10645.1532612568,55335343494.4005,6.10840573205935,51.9,6050291051.84784,79.6874898377288,812942201.973002,2.9194586277008057,12.57545,1.035779,0.014691192836912005
2002,Bulgaria,0.384387,0.2895119627912222,7837161,11524.6814654455,60553129254.6569,3.77370585338359,57.1,6542507107.08,75.8541332654957,904659791.087722,2.937177896499634,16.00907,-0.0334654,0.014939934603266572
2003,Bulgaria,0.365341,0.27918619081154844,7775327,12215.2960315217,64871856048.6408,2.27115018306294,57,7383443887.91119,79.625213509477,2096788700.05598,2.9550046920776367,21.2287,-0.1403736,0.032322008768853654
2004,Bulgaria,0.309366,0.24883939428932653,7716860,13099.8995179599,70399897722.9848,5.65948509574096,59.2,8401380804.11534,93.7808170932144,3072550961.81564,2.9729397296905518,28.51101,-0.1125419,0.0436442532048237
2005,Bulgaria,0.34386,0.26754028574511074,7658972,14139.1370009924,78208083827.3208,6.51169251194735,62.3,10647353458.7789,100.496881095796,4098122930.77934,2.990983724594116,34.70578,-0.0955871,0.05240024726635385
2006,Bulgaria,0.373395,0.28355265975643407,7601022,15226.3186865473,85980015393.0808,6.74143763509232,64.1,12026262352.7819,111.85983979436,7874476255.43262,3.0091373920440674,39.29073,-0.0935352,0.0915849598238885
2007,Bulgaria,0.410246,0.30353139666827683,7545338,16465.2256602832,96579784056.4528,11.0913984829363,62.7,13596385542.1687,123.591957645279,13875270456.9117,3.0274007320404053,47.1236,-0.0459552,0.14366640588884863
2008,Bulgaria,0.446085,0.322961478679173,7492561,17579.7062473734,107360420095.648,8.12976551430624,63.7,16582983619.8728,124.844857942792,10296720633.7243,3.0457754135131836,60.65089,-0.1072635,0.09590797637109555
2009,Bulgaria,0.39622,0.29592721322887205,7444443,17058.8259214738,105389796184.852,4.04741747488599,64.6,13652294571.5446,92.9411023225034,3896664559.17164,3.0642611980438232,68.65313,-0.0383404,0.03697383143560647
2010,Bulgaria,0.467999,0.3348421343109366,7395599,17398.8560080617,110529153215.932,1.10747418336967,62.3,11243874373.9001,103.207246630726,1842900000,3.082859516143799,67.88712,-0.0692405,0.016673429103357673
2011,Bulgaria,0.447953,0.3239742132196555,7348328,17846.0959383883,115192987613.943,5.97862816604571,64.9,10748883173.142,117.761983184537,2103810000,3.0941543579101562,64.7449,-0.1117412,0.018263351299218793
2012,Bulgaria,0.497365,0.35076288512239834,7305888,17955.3231640631,118415506601.673,1.55524469369723,64.7,10944564775.9578,124.790956650626,1788110000,3.1054906845092773,65.41393,-0.085205,0.01510030275016986
2013,Bulgaria,0.278113,0.23189560810426177,7265115,18145.2742436362,120390582830.266,-0.70290592033966,65,11004128875.0508,130.202367035928,1989040000,3.116868257522583,66.20646,-0.1024054,0.01652155802588206
2014,Bulgaria,0.290812,0.23878035967256364,7223938,18584.0274865246,126666999560.1,0.462505958457399,65.7,11386895898.1995,130.790271741726,1093600000,3.1282877922058105,61.88671,-0.0460172,0.008633661520348217
2015,Bulgaria,0.358694,0.27558252566669433,7177991,19352.2010315814,130542431386.34,2.20609281343893,66.8,11689319074.049,128.111706211219,2179500000,3.1397488117218018,55.80816,-0.0970044,0.016695720899741598
2016,Bulgaria,0.327278,0.25855036917643753,7127822,20255.6226320691,141181370845.599,2.2460996903189,65.9,10914782726.4113,124.448316158504,1476500000,3.151252031326294,52.04464,-0.0614716,0.010458178661650433
2017,Bulgaria,0.347659,0.2695999102201071,7075947,21181.7717825613,149881094499.499,3.40263633372714,67.9,11267429267.6323,131.903110077443,2020340000,3.162797451019287,49.80521,-0.040923,0.013479618672031738
1996,Croatia,0.74655,0.4858583114982779,4557097,15991.0953226727,39558632586.9201,3.82324680170586,48,6918340439.86074,67.8965031230985,492528182.656309,2.820119857788086,24.32717,-0.6342322,0.012450586646899455
1997,Croatia,0.727172,0.4753525460135505,4534920,17154.4449249388,42907433761.2446,6.84316483517962,46.7,8644393688.65363,75.4426887878938,596514805.246476,2.842339515686035,26.44058,1.068723,0.013902364997304215
1998,Croatia,0.677189,0.4482543069680799,4532135,17508.7915335185,44347372490.3736,8.10593511745191,51.7,8836044356.1778,65.673276582878,1004077219.78391,2.864733934402466,32.12974,-0.3571571,0.022641188494354727
1999,Croatia,0.632074,0.42379524979791394,4512597,17440.7974471104,44421324026.6851,3.53882603594332,53.1,8551948258.54274,66.9289592662297,1454741833.64146,2.8873050212860107,33.1898,1.258094,0.032748727452778244
2000,Croatia,0.665432,0.4418802598629122,4468302,18191.17156906,47382792224.5424,4.36220226182962,53.6,8290047168.53542,75.0279309675822,1015069996.97348,2.9100537300109863,30.60723,0.030786,0.021422756011574055
2001,Croatia,0.631126,0.42328129244011015,4299642,19537.4762411562,49934338432.2617,4.30485371327107,50.7,8786773281.15357,79.6808759877593,1036758145.87206,2.937701940536499,32.73384,1.035779,0.02076242878992923
2002,Croatia,0.638124,0.42707525192313844,4302174,20524.8932619258,54412453366.9133,3.85706281104483,51.1,10024775810.3513,81.9334174383531,980784304.813265,2.9656128883361816,38.02677,-0.1457034,0.018024996928546005
2003,Croatia,0.645311,0.4309716775882605,4303399,21676.3928975576,58312864217.8732,4.29707162972908,53.3,12379196432.771,82.2428455888961,1846434012.04769,2.993788957595825,42.16748,-0.023264,0.03166426545519862
2004,Croatia,0.681113,0.45038170008202716,4304600,22571.9142911772,62565142578.762,3.60948986791018,53.1,13052248527.1488,82.4035073460157,1314179917.33292,3.0222327709198,44.81142,0.085003,0.021004985574491826
2005,Croatia,0.735727,0.47999063166335143,4310145,23515.3773596644,65962122298.9734,3.12955297189713,51.9,13560247124.9687,82.2427947494749,1814728743.16264,3.0509469509124756,48.23614,0.1285327,0.02751167912605025
2006,Croatia,0.787117,0.5078516745088535,4311159,24685.5867837269,75136469913.7776,3.8537897559326,53.6,14932322235.5127,84.3708852630052,3346611893.3292,3.0858302116394043,53.32857,0.0060766,0.044540446166416704
2007,Croatia,0.842586,0.5379241435806021,4310217,25991.3031356375,83418276337.1658,4.14262482480963,53.4,16007057920.2189,84.0676052707724,4645807617.35418,3.121112585067749,57.08838,0.0876414,0.05569292271847516
2008,Croatia,0.806099,0.5181427489453845,4309705,26451.7705057772,89540225094.673,5.5603635906896,54.1,17475759595.0908,83.0376033353406,5249620116.02881,3.1567983627319336,61.14933,0.0863836,0.05862862317442537
2009,Croatia,0.853091,0.5436194199980374,4305181,24530.8035475423,86163299845.7496,2.97417737830862,55.1,14966121272.0247,70.9422052974446,3069599255.91982,3.192892074584961,67.67433,0.1621467,0.035625367893465626
2010,Croatia,0.926024,0.5831599811548969,4295427,24218.6298213892,84947236934.6695,0.921543999895874,59.2,12692597308.112,74.1970937662131,1545050408.33734,3.229398488998413,67.91593,0.2019465,0.01818835390167657
2011,Croatia,0.91927,0.5794983060551008,4280622,24227.0923009734,88794707806.848,1.6502027525509,61.1,12353962274.7212,79.7302520776388,1248979435.63125,3.268047332763672,69.16518,0.217893,0.014065922018101695
2012,Croatia,0.92595,0.5831198621206379,4267558,23757.4665772132,90200890789.3463,1.45843216447173,60.9,11951412986.9998,80.7531344040442,1465100044.52763,3.3077619075775146,71.24984,0.2456077,0.01624263387763211
2013,Croatia,0.822129,0.5268333992044504,4255689,23693.0479124939,92643201029.3947,0.764415163812046,61.3,12114956117.8933,83.0231113819035,937309759.586375,3.348578691482544,70.41753,0.2916495,0.010117415516428202
2014,Croatia,0.837178,0.5349922011850295,4238389,23765.0467594236,93507623759.9981,0.144385467810309,60.4,11780557475.9999,86.9816093785651,3184022339.46982,3.3905365467071533,69.08689,0.3196851,0.03405093843088249
2015,Croatia,0.657789,0.4377366142028971,4203604,24545.6836154679,96740066017.0745,0.0819091285520841,61.5,12230480672.1184,92.5398319262423,52276286.8024189,3.4336752891540527,65.75535,0.2003541,5.403788621892423e-4
2016,Croatia,0.666972,0.4427151694947875,4174349,25578.754193247,103823971398.974,-0.102637189766426,59.1,13019904599.0207,94.1491083914939,418512745.53143,3.478036403656006,60.96097,0.4091761,0.004030983788157865
2017,Croatia,0.623091,0.418925124328345,4124531,26700.3720990885,110126512434.226,1.16886058015282,59.4,13679087116.0178,99.4381131693403,476823315.600372,3.5236642360687256,57.58961,0.3342483,0.004329777680784714
1996,CzechRepublic,1.42569,0.8540534591552991,10315241,23761.8234324542,150354643707.911,9.97328680581502,68.1,41415627084.8347,81.4932504446358,1435279128.15383,3.414501905441284,60.91018,0.9153227,0.009545958094530817
1997,CzechRepublic,1.40372,0.8421424431732856,10304131,23645.9894336651,151750908250.946,8.36478588011738,68.8,39259670390.3946,85.0741681450944,1286492873.14104,3.4536211490631104,61.63904,1.068723,0.00847766176801792
1998,CzechRepublic,1.43721,0.860299016921016,10294373,23590.6016695585,153451617416.505,9.94232384553193,68.4,38811304698.0915,84.6886095670449,3700169387.63107,3.4931888580322266,58.08653,0.9228488,0.024112938331486665
1999,CzechRepublic,1.48955,0.888675101422545,10283860,23953.078906282,157590965153.011,2.99813479426206,69.7,37785713349.1398,86.2612529248574,6312596675.96249,3.533209800720215,50.85651,1.258094,0.0400568438034081
2000,CzechRepublic,1.5289,0.9100086689642946,10255063,25045.2268041711,166076931522.484,1.76630393800519,68.6,40957103401.2021,98.2331208001368,4987079129.26384,3.5736892223358154,45.13377,0.6365668,0.030028728755677147
2001,CzechRepublic,1.52518,0.9079918742691152,10216605,25870.7527071375,179349020434.32,4.8887061603361,70.2,43240558690.6549,99.3099739945622,5640707235.87483,3.58205246925354,38.48722,1.035779,0.031451006658497656
2002,CzechRepublic,1.56631,0.9302904672295259,10196916,26349.0440974244,185474094813.637,2.71545886480209,66.5,44185409657.0704,91.5259818230906,8496609035.7758,3.590435266494751,30.83362,0.864072,0.045810219719972914
2003,CzechRepublic,1.55938,0.9265333738860869,10193998,27306.2114599089,198032542823.473,1.1560692872403,67.5,44971973871.5222,95.0151972222993,2021275745.95501,3.5988376140594482,26.80296,0.8710438,0.010206785799628817
2004,CzechRepublic,1.53388,0.9127085715400992,10197101,28637.2910939499,212092065914.918,3.8723934512398,67,46732135145.3223,113.868335225069,6423465150.75736,3.607259750366211,27.53993,0.7831998,0.03028621142921099
2005,CzechRepublic,1.54784,0.920276973138138,10211216,30466.1278437654,224201378156.886,0.073659956850932,64.6,49720105246.1567,122.015258515417,13730164683.4592,3.61570143699646,30.19313,0.8675278,0.06124032241162876
2006,CzechRepublic,1.55209,0.9225811068624692,10238905,32466.0948093444,243404083714.201,0.690924061096894,66.4,52639273230.724,127.632502637499,7132002407.70599,3.6198322772979736,34.3414,0.8726435,0.029301079500704718
2007,CzechRepublic,1.52445,0.9075961054176419,10298828,34085.5692629519,269036163173.588,3.51814694111572,67.4,59757464690.3423,130.372902700621,13815656003.7033,3.6239678859710693,39.07372,0.9059033,0.05135241240706045
2008,CzechRepublic,1.5676,0.9309898395834995,10384603,34710.7480526214,289157145081.601,2.05414010402735,68.1,61269173876.7875,124.288831562303,8815393022.10815,3.628108501434326,45.92265,0.914494,0.030486512860058913
2009,CzechRepublic,1.56901,0.9317542698308657,10443936,32856.0147077338,288463589224.797,2.59871744393287,69.4,55084523448.1738,113.492768818716,5271613701.7927,3.632253408432007,47.65464,0.9625925,0.0182747975782988
2010,CzechRepublic,1.55689,0.9251834225981846,10474410,33505.2062512963,290016958369.654,-1.42544961806605,69.8,55826319165.3686,128.967077051047,10167834374.8186,3.6364033222198486,46.04795,0.9494792,0.03505944766808682
2011,CzechRepublic,1.69489,1,10496088,34030.442998817,302260233093.211,0.0209526134028692,70.4,56308562300.0774,138.784978264669,4188736491.29368,3.640573740005493,47.34141,1.036918,0.013858046916816734
2012,CzechRepublic,1.68896,0.9967850557681683,10510785,33711.0490231477,305309362168.598,1.45997467326534,69.9,54567774535.1915,147.537458939997,9433199804.77647,3.644754409790039,49.5856,1.041853,0.030897184867744953
2013,CzechRepublic,1.53381,0.9126706211022867,10514272,33536.8724334961,320535090730.576,1.43189790810385,70.9,53206707422.7945,147.978174425006,7357578652.57,3.648944854736328,50.5358,1.039771,0.022954050477906558
2014,CzechRepublic,1.52129,0.9058829142249626,10525347,34411.1911214653,339582593690.886,2.47997675517824,72.2,55295589907.0707,158.726956742669,8088661929.8803,3.6531457901000977,49.31589,1.152181,0.023819424435055754
2015,CzechRepublic,1.67011,0.9865655450143697,10546059,36166.9931624967,355311747821.274,1.16589854070284,72.5,60930294659.9535,156.099863722896,1699914616.60242,3.6573569774627686,48.54056,1.148088,0.004784290491451741
2016,CzechRepublic,1.66047,0.9813392275784747,10566332,36982.1887086232,379085413179.319,1.26551124065224,73.2,59036089693.4796,151.394675743867,10850612308.2062,3.6615781784057617,49.77756,1.035502,0.0286231332859899
2017,CzechRepublic,1.6431,0.9719220975098549,10594438,38489.4963100125,407774582307.656,1.44196536067402,73.3,61228646604.0572,151.928875567708,11234740946.094101,3.6658101081848145,50.22967,1.116695,0.02755135173584155
1996,Estonia,0.545415,0.3768131499351319,1415594,13588.5306608657,9726483064.86399,22.5380025740831,65.4,1928090938.09495,133.140165430699,165850731.382423,3.083890438079834,17.32371,0.5744267,0.0170514594305462
1997,Estonia,0.514904,0.3602716383908798,1399535,15537.6274045005,11149124704.3085,9.91710082341002,69.1,2380913342.38055,151.248223853239,274049611.936437,3.137112855911255,24.62988,1.068723,0.02458037013708641
1998,Estonia,0.547724,0.37806497223383323,1386156,16366.9138392452,11696751242.4557,6.88960166081118,72.5,2926571876.99713,157.064208330773,595587942.514285,3.191254138946533,30.36674,0.6647612,0.05091909113639002
1999,Estonia,0.474429,0.3383281530985719,1390244,16252.9512868587,11705258558.7846,6.68638532353863,73.8,2508862848.59924,143.988004469414,325892789.377935,3.2463295459747314,30.88024,1.258094,0.02784157118283884
2000,Estonia,0.502223,0.35339664550658684,1396985,17809.2060020081,13183686617.8554,3.71094471584692,69.9,2864582109.48525,126.329228220967,416214286.787887,3.3023555278778076,31.73746,0.65367,0.03157040203187057
2001,Estonia,0.584589,0.3980512992332385,1388115,18994.7307034058,14334071471.3286,6.76282143114713,76.1,3237487977.26432,126.363875642654,592889580.182473,3.31723690032959,35.72477,1.035779,0.041362259241443496
2002,Estonia,0.498964,0.3516297815518584,1379350,20415.7379964141,16097518329.2373,4.8137306613371,77.6,4000689113.64611,123.243251364468,338234260.376913,3.3321855068206787,40.22736,0.8249481,0.021011577900339532
2003,Estonia,0.515964,0.3608463164491835,1370720,22098.796686368,17987997014.2133,3.89598353588181,77.7,4710232072.17373,122.731834635668,1038244664.19462,3.347201347351074,45.54691,0.8059077,0.05771874786137924
2004,Estonia,0.562663,0.3861641378121356,1362550,23735.7973395796,19786074394.2991,4.67484070100006,77.4,4969671161.26925,129.994411962063,1086893435.16595,3.3622848987579346,53.23867,0.9466917,0.054932242419906865
2005,Estonia,0.674146,0.4466045472214587,1354775,26137.541322585,22523015210.7572,5.9083332224436,75.2,5736306926.23129,136.02042160553,3057558404.59856,3.377436399459839,46.01912,0.9697641,0.1357526235269886
2006,Estonia,0.694548,0.45766547339647207,1346810,28847.3857311452,26006907483.4107,9.0229400054041,74.9,7041956209.64672,136.727946093696,1758167635.56107,3.396261215209961,62.00156,1.1409,0.0676038716515053
2007,Estonia,0.713069,0.4677066170925519,1340680,31174.0544093025,29721058984.5131,12.4161048865342,78,7767797509.05527,134.008773928641,3033145919.87663,3.415191173553467,73.64467,1.173005,0.10205376334191613
2008,Estonia,0.710075,0.4660834226523995,1337090,29667.0656506567,30525885461.1003,6.90086702302773,77.9,6749747313.301,136.522912981454,1977264596.96389,3.4342265129089355,88.23644,1.199121,0.06477337404294316
2009,Estonia,0.716777,0.469716905998392,1334515,25433.9416616962,27509108593.9042,-0.175091957590325,76.4,4239092681.43008,116.107838391064,1866296946.5753,3.4533679485321045,102.5376,1.131253,0.0678428724872916
2010,Estonia,0.704934,0.463296234069626,1331475,26182.0559583368,29043361374.095,1.82629131260749,74.7,4145657939.63767,142.499049356199,2592255114.54214,3.472615957260132,95.49323,1.159709,0.08925465207530288
2011,Estonia,0.746338,0.4857433758866171,1327439,28215.944730374,32895237685.6919,5.38582158530893,75.2,5621652099.20341,165.880632640275,1119148299.05952,3.4923617839813232,80.52015,1.183798,0.034021590290752156
2012,Estonia,0.76017,0.4932423823983701,1322696,29197.8520485886,34642139626.1105,4.0230549588062,73.2,6293425700.93435,169.491761810149,1787341526.52251,3.5123534202575684,73.30714,1.157107,0.05159443226697677
2013,Estonia,0.68394,0.45191435562054116,1317997,29696.409224341,36432844586.0068,4.04323343937382,75.3,6388046942.11628,165.380586594747,1097942106.98722,3.5325937271118164,70.02206,1.19848,0.030136052220553756
2014,Estonia,0.752262,0.48895506722377907,1314545,30663.8502068091,38300194537.7593,2.94872048750202,75.9,6217579460.23472,159.195188877576,1781648554.48117,3.5530872344970703,66.78298,1.372891,0.04651800274081331
2015,Estonia,0.86561,0.5504065847262499,1315407,31209.0979746975,38669190378.0171,1.11874587447134,76.8,6021244552.06643,149.841573191308,-715465129.889752,3.5738375186920166,67.55232,1.33191,-0.01850220092263644
2016,Estonia,0.843983,0.5386815258895177,1315790,32021.0631794111,41094057419.7484,1.70903496217103,77.2,6072932935.99538,150.998038129626,925591829.452864,3.594849109649658,67.75011,1.226358,0.022523739138205816
2017,Estonia,0.898422,0.5681955813763107,1317384,33820.9187318032,44555137202.5778,3.64009291322634,79.1,6833310089.44579,147.995115138848,1703867592.55708,3.6161255836486816,64.81514,1.281881,0.03824177635925898
1996,Hungary,0.916166,0.5778154752126715,10311238,16773.298510271,96261028727.6453,21.9302772697129,56.8,17437570256.4968,83.2922066662408,3288936448.51943,2.8976643085479736,20.12787,0.9105006,0.03416685331532175
1997,Hungary,0.92667,0.5835102094809952,10290486,17335.3926461896,101068327697.249,20.2607963183544,55.3,18955442401.8361,94.8487191212692,4164123319.5914,2.913647413253784,20.7251,1.068723,0.041201070745575864
1998,Hungary,0.876291,0.5561972793873281,10266570,18053.4311638144,106750826042.741,13.7672411196839,56.9,21115277207.8253,107.42990062644,3261654749.79361,2.929718494415283,22.11084,0.8718883,0.030553906425864148
1999,Hungary,0.780762,0.5044063169045888,10237530,18660.6404432328,111315201192.571,8.12026370073599,59.6,22803024000.3986,114.025774849784,3384965975.25316,2.945878028869629,23.55313,1.258094,0.030408838496346062
2000,Hungary,0.866768,0.5510343933974913,10210971,19547.1971641282,121077810763.972,9.58348411198008,64.4,24168961258.0325,137.40660123512,2747712559.81382,2.962127208709717,27.14008,0.9061415,0.022693774709638466
2001,Hungary,0.992979,0.6194595749225674,10187576,20390.285687826,134614287671.853,11.0465583500713,65.6,24821620395.2894,131.045068739569,4058819560.69834,2.9919886589050293,30.55948,1.035779,0.030151476718373732
2002,Hungary,1.06683,0.6594978289638825,10158608,21417.9471435399,147567884018.729,8.09151375809533,64.5,26728703916.1803,118.320109162292,3643428379.51995,3.022151470184326,31.90155,0.9750017,0.02468984632901244
2003,Hungary,1.11232,0.6841601920509013,10129552,22356.7143792143,156647558815.992,5.44397717005751,63,27037425006.491,116.60617427443,4157510420.33352,3.0526182651519775,36.65859,0.9326175,0.026540537572099614
2004,Hungary,1.15856,0.7092291669716255,10107146,23486.8971945374,164028811074.495,5.08984775085881,62.7,29182891159.8468,123.267702550645,4538099567.15789,3.0833921432495117,42.09579,0.9132501,0.02766647845235479
2005,Hungary,1.17404,0.7176216352193074,10087065,24532.3343548483,172222023006.273,2.62660244093816,63.5,30238007335.7442,127.593088302729,27489690204.0215,3.114476203918457,46.40619,0.8648534,0.15961774065921996
2006,Hungary,1.2364,0.7514300538191423,10071370,25561.0077498318,184705079194.291,3.65899032869254,65,30461336291.9834,148.867502410626,18678720024.6862,3.145873785018921,50.27531,0.9977335,0.10112726789195702
2007,Hungary,1.30326,0.7876781434212103,10055780,25662.6353647423,191506485550.722,5.44070201807727,64.8,31863972852.096,155.346864986064,70631297038.9164,3.1775879859924316,56.45425,0.9641744,0.3688193474795356
2008,Hungary,1.35814,0.817431286666222,10038188,25979.670814072,207757652349.402,4.78952411281135,67.6,32241426525.3773,158.195277169557,75107772943.2045,3.2096216678619385,63.70934,0.9260617,0.36151627674772713
2009,Hungary,1.3362,0.8055365351575567,10022650,24276.7262254787,207405963640.368,4.19132276081717,66.8,29300468178.3182,144.768073219014,-2792080129.12211,3.241978406906128,66.04955,0.7964902,-0.013461908616877781
2010,Hungary,1.39419,0.8369757621396674,10000023,24493.2902561854,215860857902.379,2.38360870002599,66.1,26526880212.2364,158.204304357991,-20770280260.78,3.274661064147949,60.08654,0.7802678,-0.0962206880052944
2011,Hungary,1.53397,0.9127573649601439,9971727,25009.6098194132,228296184503.14,2.18213634928421,66.6,26181690031.7386,167.053993498805,10740966550.9834,3.290193796157837,58.98307,0.764692,0.04704838398574142
2012,Hungary,1.52192,0.9062244681652752,9920362,24769.1084232477,229637808205.604,3.20071108568609,67.1,25398926925.9422,165.870140422554,10815928328.3018,3.305800437927246,55.25253,0.6152842,0.04709994583565204
2013,Hungary,1.43941,0.8614917449665521,9893082,25324.9631779843,242362495294.426,2.97854923817167,67.3,27887786475.763,164.177266887875,-3586600504.51759,3.3214809894561768,47.55714,0.5826928,-0.01479849636042296
2014,Hungary,1.38229,0.8305241877115398,9866468,26458.5440412536,252630796804.085,3.59043028029025,67,31304274799.5494,168.489687837063,13060104658.7999,3.337235927581787,43.19698,0.5019311,0.0516964076589918
2015,Hungary,1.35493,0.8156909880179625,9843028,27541.4534992241,262494273040.165,2.45562579310685,66.8,32794133967.1947,167.971261574318,-5266437314.96472,3.3530654907226562,38.41927,0.399936,-0.020063056058213076
2016,Hungary,1.37204,0.8249671593175644,9814023,28230.5536832764,271844815110.907,0.972844703647894,66,29331765900.4404,165.55546947433,69681210262.328,3.3689701557159424,34.2699,0.4230584,0.256327163105537
2017,Hungary,1.38444,0.8316898083014955,9787966,29529.3092284512,289031874731.567,3.70423008762573,65.8,34811057107.5076,166.997293513535,-12174325328.2763,3.3849503993988037,32.40913,0.529677,-0.042121047512780306
1996,Latvia,0.247579,0.2153416271304427,2457222,9844.08826745035,14192922395.2723,12.4041516756555,55,1829107568.81638,90.1895864766521,331352000,2.7420589923858643,6.701235,0.1336678,0.023346284209260118
1997,Latvia,0.24158,0.21208927460991017,2432851,10831.5038347892,15730664530.2207,5.88444886338617,62.4,1923027952.42946,88.7049822273747,474354000,2.7637720108032227,8.087271,1.068723,0.030154733710626328
1998,Latvia,0.265352,0.22497724329104027,2410019,11630.0937694402,16985720475.9086,4.80915552039318,63.4,2749558134.41843,90.8119980545354,371400000,2.7856574058532715,11.57033,0.2915803,0.021865425168556652
1999,Latvia,0.314476,0.25160977624964015,2390482,12056.7074151012,17666600811.7094,1.49805296373395,64.2,2873162324.48684,80.0323155562627,348100000,2.807715654373169,14.20646,1.258094,0.019703847033736097
2000,Latvia,0.181396,0.17946057247693292,2367550,12854.6190222309,18981986127.8214,3.59261670483177,63.4,3507786907.26949,81.7895291811859,324184857.470559,2.829948902130127,16.4759,0.1973373,0.017078553070661546
2001,Latvia,0.174325,0.1756270361087573,2337170,13844.5614218374,21077692575.5144,2.28525016313297,66.4,4185328368.911,86.6549184933545,173500715.825038,2.856259346008301,21.82032,1.035779,0.00823148526355256
2002,Latvia,0.180464,0.17895528950491485,2310173,15003.0381904872,23223235583.3829,5.09526441536605,65,4021766733.24206,83.4428048862976,160090702.160429,2.882814407348633,27.48819,0.3415674,0.006893557169741668
2003,Latvia,0.311667,0.2500868793951351,2287955,16426.7355786572,25192922036.7631,4.94317949237322,66,4457576974.80696,84.901627499935,316652176.393834,2.909616708755493,33.18302,0.5957193,0.012569092855991662
2004,Latvia,0.309156,0.248725542975889,2263122,17992.2326391757,27608294804.0511,6.77512095264564,67.4,5721350112.8927,93.8306150698804,591589970.743147,2.9366676807403564,41.10259,0.5873426,0.021427979342510502
2005,Latvia,0.427594,0.3129365994564413,2238799,20141.6804897106,30977938494.0902,11.1798415734485,66.3,6916802587.96935,100.911709383517,809856372.419331,2.963970422744751,52.08829,0.6184816,0.02614300407930085
2006,Latvia,0.532376,0.3697440676688835,2218357,22743.8118753791,34922333588.0264,12.444787546476,66.9,7908207066.60943,100.666502317753,1705667383.81543,2.976945638656616,66.21224,0.669318,0.04884173560498378
2007,Latvia,0.549968,0.37928155484028014,2200325,25225.7092426211,39883039015.2438,20.1254224683739,67.9,9676620770.56508,95.9336265490262,2713412662.12004,2.9899778366088867,71.66711,0.7592566,0.06803425037602925
2008,Latvia,0.61794,0.4161325142544555,2177322,24639.1510842382,42383912499.5656,11.7252890427402,68.3,8690748948.43743,91.8414666906784,1434273758.18365,3.0030670166015625,83.37827,0.8092072,0.0338400509438186
2009,Latvia,0.60544,0.4093556503593635,2141669,21482.7665110286,36273304547.5848,-9.72989880514285,66.6,5685845974.4379,86.558344132968,-150022148.439267,3.0162134170532227,88.95,0.8143532,-0.004135883132524136
2010,Latvia,0.626987,0.42103733726716724,2097555,20953.3435954749,36917843177.9469,-0.404400309513321,66.2,4564055412.75163,108.611860797648,474983591.197691,3.0294175148010254,94.49743,0.7878038,0.012865962643273414
2011,Latvia,0.600318,0.40657876260971065,2059709,22679.4901359437,40760565612.312,6.40387885921361,65.8,5649828776.9452,120.513024436613,1519518896.45563,3.0429294109344482,82.32437,0.7470232,0.03727914158278141
2012,Latvia,0.571625,0.39102287815036074,2034319,23911.8740857683,43313156236.3567,3.61925477030422,65.2,6562248213.10412,126.836575855787,1080778947.54653,3.056586265563965,69.1521,0.7854767,0.024952671231087364
2013,Latvia,0.478137,0.34033844200441205,2012647,24732.0185871891,45672616675.1123,1.63771670832742,66.5,6173356257.86144,124.06855181813,989283879.359479,3.0703907012939453,60.26707,0.7678499,0.02166032847201756
2014,Latvia,0.431584,0.31509977441175463,1993782,25444.1779182729,47540328804.5663,1.78329014938781,68.7,6153799987.64646,124.440274072652,1041084910.43514,3.084343910217285,54.19073,0.8723829,0.021898984222741485
2015,Latvia,0.629273,0.4222766901363017,1977527,26489.7584963771,49103820599.6763,0.00222370976850073,69.7,6079125547.14817,122.348891193996,812843819.517903,3.0984487533569336,49.72129,0.7945901,0.01655357586418156
2016,Latvia,0.649569,0.43328014850548463,1959537,27207.1457853837,51740645049.4547,0.85846588403848,70.4,5582648622.65833,119.820779122675,333187719.940926,3.112706422805786,47.20883,0.9589826,0.0064395741418078346
2017,Latvia,0.653054,0.4351695381594363,1942248,28488.92360721,55332554898.2565,2.98059379963252,74.8,6214778130.25225,124.09665736778,1136438829.79794,3.127119541168213,43.12444,0.9313785,0.020538340076426666
1996,Lithuania,0.262575,0.22347169520810664,3601613,11306.692042994,22964402175.8402,18.9818334175257,49.7,2921622096.75054,93.1743540926612,152400000,2.77628231048584,11.73557,0.4498797,0.006636358257143445
1997,Lithuania,0.282998,0.23454400651446375,3575137,12335.0587679254,25270202754.9848,11.4505653143562,57.3,3670547443.78371,100.009375369424,362287500,2.807870388031006,10.09663,1.068723,0.014336548998544746
1998,Lithuania,0.328792,0.2593711829314111,3549331,13352.5202172779,27553343461.5084,3.35039209650807,59.4,4447841138.48341,89.6518082023317,918775000,2.839818000793457,11.24162,0.5944154,0.033345318011351856
1999,Lithuania,0.30198,0.24483508095099463,3524238,13295.0096487321,27565323899.1938,-1.25930488292347,61.5,4185671692.65588,74.8126693256546,564537500,2.872129201889038,13.56436,1.258094,0.02047998790308105
2000,Lithuania,0.279794,0.23280696076087373,3499536,13901.8708276818,29604692441.2476,1.28047492299845,61.9,3898482476.90812,83.2742947401989,380272500,2.9048078060150146,13.37138,0.2920864,0.01284500762014924
2001,Lithuania,0.192432,0.1854437300726317,3470818,14931.4194274433,32805212033.5297,-0.321999338204932,65.5,4394853794.41198,93.5501806330894,442400000,2.9379401206970215,12.8588,1.035779,0.013485661959685851
2002,Lithuania,0.161984,0.16893637392241087,3443067,16069.3783550623,36132747527.5176,0.316685364242915,66.1,4882077426.15833,100.359881587934,660790497.921648,2.9714503288269043,14.24683,0.4527944,0.018287856394491177
2003,Lithuania,0.164931,0.17053408735431774,3415213,17907.7316366874,41214452084.7705,-0.807966349120932,69.7,5568461642.34431,98.1259502026114,217398839.893754,3.005342721939087,18.55981,0.5413424,0.005274820576204794
2004,Lithuania,0.196164,0.1874670305571504,3377075,19296.1852213958,44008465206.2913,2.68824540273197,72.4,6448451794.69508,101.730610125854,871636185.309164,3.0396218299865723,24.60897,0.6070058,0.01980610278552859
2005,Lithuania,0.309178,0.24873747025634438,3322528,21128.5515595877,48263291601.7483,6.89836196046085,70.5,7188215289.65616,114.916938939763,1292673341.91889,3.074291706085205,32.63283,0.6287229,0.026783779121108763
2006,Lithuania,0.448797,0.3244317870698521,3269909,23058.6059472163,53893968504.078,6.74398777846079,71.8,8596635976.9864,121.504193432115,2259320966.19346,3.0892183780670166,42.50381,0.7163033,0.04192159213553746
2007,Lithuania,0.521501,0.3638481960801535,3231294,25921.2117447776,61698982117.4761,8.56798765446476,71.5,10516642240.4519,113.841429303506,2601625489.59341,3.104217052459717,49.60571,0.7266968,0.04216642479838424
2008,Lithuania,0.571855,0.39114757244603043,3198231,26877.4548412663,66344339088.5645,9.70480695282421,70.9,10096364131.5146,125.849417078669,1727660745.67137,3.119288682937622,58.1071,0.7224829,0.026040816283738666
2009,Lithuania,0.518934,0.36245649931065743,3162916,23151.4238149608,57437546514.3803,-3.29513424570823,70,6168619376.16543,105.558582059234,-360225678.65462,3.1344335079193115,88.95,0.7280318,-0.006271606301366518
2010,Lithuania,0.549397,0.37897198769755236,3097282,23992.4515963291,62112596122.8684,2.27287719920912,70.3,6259625718.36866,130.252143681798,1102761171.53247,3.1496520042419434,57.72232,0.7823634,0.01775422765055636
2011,Lithuania,0.64032,0.4282658113722282,3028115,26019.1980141278,69113557960.608,5.37761981909664,71.3,7520736591.01394,148.843784267841,1881321392.61323,3.165248155593872,51.50097,0.7749577,0.027220728437761934
2012,Lithuania,0.722513,0.4728266733025718,2987773,27381.3805315612,73635737734.6153,2.77711045420136,71.5,7386995563.03485,156.210213482176,676639240.902079,3.1810245513916016,46.91312,0.8504152,0.00918900606850305
2013,Lithuania,0.673455,0.446229922185338,2957689,28644.145309623,78911079132.147,1.35365104395785,72.1,8000077213.54894,156.129858512866,714214806.659026,3.1969845294952393,43.89564,0.8360037,0.009050881251579124
2014,Lithuania,0.63807,0.42704597587111165,2932367,29905.0027919257,82564270189.9137,0.918221818685311,73,8457103469.01164,142.864378289131,356531512.743346,3.213129997253418,41.15044,0.9391773,0.004318230051852392
2015,Lithuania,0.667051,0.44275799927460446,2904910,30801.4226065896,83730597415.0676,0.0913269037972952,74.7,8867782386.31867,138.640941551163,1043676603.7927,3.229464292526245,40.51094,1.008047,0.012464697924212911
2016,Lithuania,0.627923,0.4215447888356318,2868231,31992.6451834056,88699845604.0485,1.61362173854387,75.2,9167002919.86058,134.379391879147,962458735.885536,3.2459893226623535,41.20742,1.029358,0.010850737443015424
2017,Lithuania,0.675449,0.44731096751388305,2828403,33821.1954485172,95659970670.1725,4.25194117227659,75.8,9920168838.14079,144.827932116485,1191438300.52159,3.262708902359009,40.43452,0.9926504,0.012454930648364598
1996,Poland,0.752045,0.4888374208665603,38624370,13184.8089479498,318664573874.385,17.9623566294278,57.8,44616456074.0225,45.4756482739749,4500000000,2.9225142002105713,16.15325,0.767495,0.014121431652373959
1997,Poland,0.801098,0.515431461238236,38649660,14027.2778007848,344761172304.934,13.661969687921,56.8,54563725002.4873,50.4738450924214,4910000000,2.946269989013672,18.17711,1.068723,0.014241742964190899
1998,Poland,0.830855,0.5315641923523362,38663481,14669.3607745665,366197753276.07,11.0271242652208,59.2,62336749245.5145,56.6605452514483,6383000000,2.9702186584472656,20.39298,0.8575056,0.017430472860350862
1999,Poland,0.814231,0.5225515055209755,38660271,15351.5919811853,387468520811.944,6.16270783307753,59.6,66605644546.148,54.0215391059088,7407000000,2.9943623542785645,22.69012,1.258094,0.01911639166061429
2000,Poland,0.902565,0.5704417051456998,38258629,16220.0291054162,407661970478.243,6.11487273888849,60,68060889463.735,60.7907024063226,9335000000,3.0187020301818848,24.86607,0.7141861,0.022898873763105187
2001,Poland,0.939812,0.5906351331057392,38248076,16426.9803547161,424633333696.279,3.12291428613408,61.8,60870891785.2287,58.0751947177794,5677000000,3.0383267402648926,26.48634,1.035779,0.013369181242988571
2002,Poland,0.941757,0.5916896131278154,38230364,16770.122418822,450394072658.275,1.84921594735954,65,57156170198.6535,60.9244563092064,4091000000,3.0580790042877197,26.92111,0.7093069,0.009083156836089052
2003,Poland,0.897007,0.5674284403833862,38204570,17379.2764617482,468286207442.492,0.766547245830935,61.8,57842669054.4888,69.4373056872318,5371000000,3.0779597759246826,27.09271,0.5613903,0.011469481515018969
2004,Poland,0.899269,0.5686547816738421,38182222,18282.5073362218,509395066675.547,4.9122324772958,58.7,61719895201.1408,71.2131669706836,13868000000,3.0979697704315186,26.72807,0.4226498,0.027224448973380132
2005,Poland,0.967138,0.6054498997295218,38165445,18929.5548916463,530344105654.599,2.56901111008503,59.6,66870958113.6205,70.2749609275615,11041000000,3.118109703063965,27.52183,0.4808049,0.02081855889841972
2006,Poland,0.968439,0.606155235723723,38141267,20112.0745920475,577444544059.52,1.72568745730248,59.3,77152522137.1008,77.7913937245753,21473000000,3.140255928039551,29.84449,0.404506,0.037186254889589314
2007,Poland,0.978851,0.6118000922737787,38120560,21538.6178829914,639920274330.447,3.71332653511391,58.1,91845255861.7716,80.6620046227492,25031000000,3.1625592708587646,34.34603,0.4286534,0.03911581020962355
2008,Poland,1.0255,0.6370908061811504,38125759,22450.8629017282,698099544956.881,3.87662238924693,60.3,99933339966.1725,80.7544540767253,14574000000,3.185021162033081,42.86684,0.5465031,0.020876678842270527
2009,Poland,1.02992,0.639487105254455,38151603,23068.3983650111,734838882078.915,3.77123378902394,60.3,97268596822.87,75.2259132726234,14025000000,3.2076425552368164,47.08232,0.6284057,0.019085816417773387
2010,Poland,1.03324,0.6412870403049914,38042794,23968.8184099007,801336653343.38,1.65966092604037,63.2,97226809935.9931,82.1083264489399,18395000000,3.230424642562866,46.78891,0.6835747,0.022955395741916195
2011,Poland,1.07468,0.6637536994900004,38063255,25157.8594589315,869769693309.293,3.22912192023782,64.1,105751334858.886,87.082722756353,18485000000,3.2540197372436523,48.40796,0.766174,0.021252752472517657
2012,Poland,0.960828,0.6020289388352794,38063164,25562.4354663779,907167369644.705,2.349719331907,64.2,103871256591.384,89.327462141553,7358000000,3.278010845184326,50.10712,0.7804115,0.008110961930742488
2013,Poland,0.817343,0.5242386735562976,38040196,25933.8860175537,940325020076.099,0.289942770233907,66,102761914237.389,90.6918664127781,795000000,3.302406072616577,50.25396,0.8194907,8.454523521406055e-4
2014,Poland,0.839266,0.5361242085300657,38011735,26814.5505905445,973566357429.12,0.49955707860417,67,113073326037.21,93.6969246060578,19776000000,3.327214002609253,50.91005,0.840596,0.020312945131158954
2015,Poland,1.10641,0.6809560908013017,37986412,27862.5420361036,1020164418525.45,0.769528695514992,68.6,120005637913.309,95.902903302141,15065000000,3.352443218231201,51.90218,0.8020585,0.014767227445331817
2016,Poland,1.09864,0.6767435922041126,37970087,28728.5710830487,1073913831246.99,0.30876259197737,69.3,110207607866.547,100.352692368863,18321000000,3.378103017807007,52.84633,0.636218,0.017060027971449364
2017,Poland,1.09432,0.6744015080419689,37974826,30143.3290263037,1144687674834.63,1.82910500172827,68.3,114578980532.617,104.524797232405,11762000000,3.404202461242676,51.6862,0.4725602,0.010275291905889723
1996,Romania,0.48008,0.34139183772826515,22619004,12637.9689702089,129726167379.11,44.0022839129308,46.2,19220534184.5915,60.7813693722174,263000000,2.873183488845825,4.248942,-0.0219425,0.0020273473371907485
1997,Romania,0.467421,0.33452877212442755,22553978,12059.8159580382,125449781642.99,135.338399472194,50.8,18944177620.4502,63.205242332383,1215000000,2.8891210556030273,8.082415,1.068723,0.009685150377205881
1998,Romania,0.491754,0.3477208864571694,22507344,11839.5043488461,124786017897.726,48.1345197660485,54.4,18056875811.7435,53.838795710082,2031000000,2.905147075653076,8.734025,-0.1056836,0.016275861945242918
1999,Romania,0.464376,0.33287792807958316,22472040,11813.4396143244,125764617171.877,49.5224630026867,50.1,17711642550.9235,57.9736750449875,1041000000,2.92126202583313,8.39856,1.258094,0.008277367859175454
2000,Romania,0.474142,0.33817255630354065,22442971,12119.8773119662,131298437866.935,43.1807891473077,52.1,18748057935.4268,48.5213253850786,1037000000,2.9374661445617676,6.3921,-0.2049206,0.0078980376068979
2001,Romania,0.441733,0.3206020457454577,22131970,12931.5059443135,144333277362.683,37.9563154083491,50,20725355831.6376,51.9285910211481,1157000000,2.9506096839904785,6.71383,1.035779,0.008016169390324807
2002,Romania,0.459015,0.3299714666922561,21730496,13921.5251552939,155640626375.007,22.7142690496692,48.7,22239882831.3975,53.7102478139376,1144000000,2.9638121128082275,8.327307,-0.2601019,0.007350265972610512
2003,Romania,0.373828,0.2837874103217601,21574326,14350.5815269961,162923413411.478,23.1532554708977,50.6,24521311596.0596,56.1795270470243,1844000000,2.9770731925964355,10.90212,-0.2089897,0.011318201364605646
2004,Romania,0.320218,0.2547227964484896,21451748,15937.628585249,192683212748.558,15.4565958769332,50,26876894622.4706,60.6264786669408,6443000000,2.990394115447998,13.38066,-0.1746931,0.03343830481178344
2005,Romania,0.42384,0.31090137169146725,21319685,16784.9535831296,204714321191.562,12.0069901176313,52.1,29974512242.7752,59.3605494490555,6498650462.86646,3.003774404525757,16.69505,-0.1382283,0.031744972335302955
2006,Romania,0.493627,0.34873633174321,21193760,18240.3225003864,244634640986.204,10.6065793571017,58.2,37931336088.6331,61.6836259265159,11006614841.8417,3.022711992263794,21.33035,-0.1178744,0.04499205344537616
2007,Romania,0.673123,0.44604992868028437,20882982,19850.878814508498,285801418466.91,15.8162274724437,61.2,57275401075.9691,63.5051566734658,10103086514.314,3.04176926612854,27.09772,-0.09074,0.03535002229348184
2008,Romania,0.731384,0.4776360780716407,20537875,22063.1022183805,344670356095.532,16.0155798889218,61.7,67496837038.4689,65.1748146561929,13667824244.7472,3.060946226119995,34.85983,-0.0136101,0.03965477158981117
2009,Romania,0.685378,0.4526939660430326,20367487,21020.1832152419,339074255743.772,4.08677823184489,63.2,44588581898.5219,58.4728337688248,4637684879.54339,3.080244541168213,43.92548,0.0454078,0.013677490405075007
2010,Romania,0.698277,0.45968714743365585,20246871,20320.4737898523,343774014965.047,3.54069942227548,64.2,43361056043.299,71.2355583656888,3213737651.98388,3.0996644496917725,44.55433,0.0482135,0.009348401892186746
2011,Romania,0.73466,0.47941215856126634,20147528,20830.5442910639,360793553463.052,3.78492476541541,64.7,45998809900.4541,79.8714444908562,2370097222.61814,3.118466377258301,43.65551,0.0569546,0.0065691229786921795
2012,Romania,0.70694,0.4643837851875104,20058035,21358.0992860413,379729439793.368,4.00827052512503,64.4,47439674614.8699,79.942429627369,3047569714.39734,3.137382745742798,43.1197,0.0421296,0.008025634557214455
2013,Romania,0.751166,0.4883608717974574,19983693,22190.9882105253,395625386029.925,3.39224678389594,65.1,44789621347.5937,80.5244048636309,3854819397.63757,3.1564135551452637,41.6863,0.125016,0.009743609823223004
2014,Romania,0.787654,0.5081428085817867,19908979,23033.9987816552,410589026899.589,1.74338842066166,65.5,46253430052.5266,82.7681564534085,3869197075.10542,3.1755597591400146,38.68968,0.165362,0.009423527716564246
2015,Romania,0.561038,0.38528314550577364,19815616,24038.4935121247,428644508899.66,2.60817055509601,66.6,49729288077.9036,82.6575055031815,4317731472.30633,3.194822311401367,35.70179,0.1575437,0.010072989114896264
2016,Romania,0.620618,0.41758438957534,19702468,25337.2100200108,479083448961.771,2.45550906363117,65.6,49626956985.6953,83.2979496178062,6252035766.42823,3.2142016887664795,33.41693,0.3609889,0.013049993231820285
2017,Romania,0.713669,0.4680319065595163,19587491,27298.3547176622,534706277347.015,4.6791855192658,69.7,51424370418.2426,85.0641517377929,5952909608.10492,3.233698606491089,31.00084,0.3875409,0.011133046048459959
1996,Slovakia,1.21663,0.7407117658826649,5373361,14480.0549560561,50459305707.5984,4.53846019392323,57.6,14723423282.3651,111.818028658475,350826240.038055,3.2295522689819336,37.10246,0.1595635,0.006952656900810784
1997,Slovakia,1.23372,0.7499770942000346,5383291,15309.8267391093,54278281461.8849,4.78876855622963,55.5,16716921004.381,117.588008984748,176706776.809273,3.235267162322998,46.10094,1.068723,0.0032555705901145633
1998,Slovakia,1.2153,0.739990707564227,5390516,15912.5141063666,57262506195.4346,4.85331456575149,57.5,18121352227.0417,102.070148472294,646612354.420818,3.2409915924072266,51.51377,0.2229141,0.01129207220190392
1999,Slovakia,1.20047,0.7319506362390898,5396020,15879.4463800853,57813914070.6221,7.2150541826559,54.2,15386657005.0369,97.4838776126657,338895206.310939,3.2467265129089355,52.03515,1.258094,0.005861827758227274
2000,Slovakia,1.24483,0.7560003708299924,5388720,16086.4469675584,61328111773.7871,9.4895320837185,53.8,13504798953.3193,108.788415121954,2183119136.13344,3.252471446990967,50.51132,0.342357,0.035597364291697464
2001,Slovakia,1.2636,0.7661765096548625,5378867,16640.2915879572,66651011241.1851,5.1214846027507,58.5,15259062628.0129,121.679291527254,1532584052.08438,3.299450159072876,42.65262,1.035779,0.022994160531766443
2002,Slovakia,1.23843,0.7525306165157052,5376912,17396.9989115121,71578545706.9555,3.93782511312182,59.8,15217396267.4928,120.373886604428,4212437461.03101,3.3471076488494873,36.42737,0.3171788,0.05885055947178422
2003,Slovakia,1.20213,0.7328506037643581,5373374,18365.75911567,76117131516.5072,5.32528197063378,59,14541144102.1393,125.147678981072,969200518.93397,3.395453453063965,33.67274,0.3624235,0.01273301423246334
2004,Slovakia,1.20926,0.7367161269301186,5372280,19339.2029579838,81725881901.094,5.73872830171285,64.6,15399886585.9549,139.650377296647,4063498784.60239,3.444497585296631,29.02944,0.5164097,0.04972107599303857
2005,Slovakia,1.28788,0.7793398900846891,5372807,20618.1050845629,89400253225.0781,2.54310465575838,66.8,18008879806.5567,147.727895586359,3923508331.4958,3.4942498207092285,30.67745,0.5449038,0.04388699349226449
2006,Slovakia,1.27784,0.7738967130041513,5373054,22368.2089161956,101503651409.687,2.89907382207626,69.8,19239815724.1888,164.626286507128,5701436726.94249,3.5176374912261963,34.61711,0.5467787,0.05616976973498683
2007,Slovakia,1.20851,0.7363095150964131,5374622,24783.9069441182,113943752728.48,1.1155444977181601,69.6,21185851931.236,166.329552934429,5058234422.17007,3.5411813259124756,33.79319,0.4927937,0.044392380460063385
2008,Slovakia,1.26737,0.7682204118056223,5379233,26143.1528373497,127626916993.841,2.8580749443984,70,21967747965.5438,162.070856599542,4640891412.00327,3.564882755279541,37.85116,0.5902709,0.03636295165092195
2009,Slovakia,1.271,0.7701884130807568,5386406,24683.9895571553,124441129018.167,-1.16122294817393,69.4,17632429511.1562,136.24069102241,1521083444.32745,3.588742971420288,44.26714,0.5397606,0.012223317614752507
2010,Slovakia,1.35695,0.8167861292234094,5391428,26071.8143095987,135710939711.011,0.487940516761356,69.7,19066719090.1156,154.944067348867,2115832960.23968,3.612762928009033,43.84652,0.571119,0.015590732513865354
2011,Slovakia,1.37252,0.825227390891136,5398384,26784.0698504113,140626782410.196,1.67173222680177,69.5,21781143730.0179,169.324719455916,5431592591.915,3.637505531311035,45.35062,0.6070484,0.038624168873262844
2012,Slovakia,1.3272,0.8006571931530904,5407579,27245.4383280104,145644608377.499,1.26693526740689,67,19585190667.7422,176.552487974836,1776566141.06016,3.662609577178955,46.44937,0.4923032,0.012197953366426342
2013,Slovakia,1.21794,0.7414219812188705,5413393,27398.7548936592,151397294776.879,0.511053251620638,68.7,19845316909.1173,181.62732502502,1003902970.22301,3.688081741333008,47.13572,0.4785463,0.006630917492300684
2014,Slovakia,1.20436,0.7340595962832426,5418649,28125.5797938857,157095119197.712,-0.190516476841267,66.4,20408746505.4821,178.218641988623,-362783502.213315,3.7139289379119873,48.39404,0.4960261,-0.002309323829193789
2015,Slovakia,1.31956,0.7965151739404103,5423801,29453.7679680787,162302480378.172,-0.218499940516054,67.2,24809988612.0474,180.970856437855,1520387925.93414,3.7401578426361084,50.62337,0.5038067,0.009367619782467702
2016,Slovakia,1.34513,0.8103779267242104,5430798,30040.4540688654,161031662510.308,-0.507606740935998,66.6,22491491441.9899,184.505699453835,4742874363.71757,3.766775608062744,54.26967,0.6468015,0.0294530546960848
2017,Slovakia,1.3402,0.8077051316039862,5439232,30905.9059639895,168104392708.322,1.21489608876726,65.7,23367261372.1416,188.02332619335,4225581974.33236,3.7937896251678467,57.28597,0.5712293,0.025136654112686806
1996,Slovenia,1.3489,0.81242182887497,1988628,22280.5732893267,28403008819.7608,11.4524635954296,50.4,6890623016.89231,93.5093365552988,173300000,3.204533338546753,23.79445,1.068723,0.0061014662601319245
1997,Slovenia,1.34636,0.8110447701314875,1985956,23437.1875668494,30340741122.4503,8.43083007654826,55.6,7730737208.81345,96.2613143154257,334500000,3.2193446159362793,24.14854,1.068723,0.011024780134737395
1998,Slovenia,1.306,0.7891636319870144,1981629,24258.6339415737,31816542489.3629,7.4280299673206,60.7,8349176508.26394,96.6841402457089,215700000,3.234224557876587,26.46695,1.258094,0.006779492148529783
1999,Slovenia,1.34999,0.8130127714066221,1983045,25534.0203939923,33876855926.9704,6.53141543702105,61.3,9465107638.23591,92.5418698059386,106600000,3.2491729259490967,29.50397,1.258094,0.003146691069259839
2000,Slovenia,1.39814,0.8391172511305164,1988925,26393.4636071071,35816494136.3765,5.565273324209,58.3,9689950737.812,103.947772151477,135800000,3.264190673828125,32.58089,1.035779,0.0037915492086668724
2001,Slovenia,1.45239,0.8685288404352156,1992060,27199.552768972,37762067050.5781,8.67521565163634,61.8,9884234528.7937,104.534074757325,501200000,3.2708539962768555,34.57138,1.035779,0.013272578519833095
2002,Slovenia,1.42297,0.8525788135717272,1994530,28118.1957410519,40372329697.6097,7.58168582215733,57.8,9848023605.28704,103.651281873494,1849800000,3.2775309085845947,36.04861,0.9887834,0.04581851019881867
2003,Slovenia,1.42282,0.852497491204986,1995733,28933.1165138888,42088620439.2036,5.64045036940546,57.7,10418103788.4076,102.32462473328,535600000,3.284221887588501,38.02101,0.9739602,0.012725529951110336
2004,Slovenia,1.55648,0.9249611414624256,1997012,30175.0287252389,45412642735.3912,3.36094385746031,59.2,10995698484.26,111.556539590778,763100000,3.290925979614258,42.4976,0.9280055,0.016803690647258836
2005,Slovenia,1.54609,0.9193282121928251,2000474,31266.8634903915,47716592721.283,1.52057830293708,59.6,11392921994.02,120.262615191456,970800000,3.2976438999176025,47.24422,0.8933845,0.020345124088606493
2006,Slovenia,1.49585,0.8920906408256714,2006868,32958.2390512228,51555225746.2075,2.22108946875818,61.9,12560601791.6713,129.788395142552,692021551.718715,3.316124677658081,54.1274,0.9102269,0.01342291769073713
2007,Slovenia,1.44105,0.8623808695095881,2018122,35062.1580984714,55582074447.6016,4.17748381884353,59.6,14058640857.8532,137.12714631186,1884506372.67517,3.3347091674804688,61.94298,0.9238243,0.03390493052668867
2008,Slovenia,1.39082,0.8351487196335505,2021316,36235.4358207379,59839627541.6582,4.46561671515728,60.2,15049450936.3905,134.731524530398,1080741791.92196,3.3533976078033447,72.0009,1.008982,0.018060637011311383
2009,Slovenia,1.41407,0.8477536864784216,2039669,33198.7901596813,56221915503.3542,3.39968303261654,62.9,11727052819.2469,113.121872199269,-346971372.900945,3.3721909523010254,82.00455,1.075426,-0.006171461249488105
2010,Slovenia,1.38479,0.8318795604905582,2048583,33498.4993370281,57043842484.3091,-1.02931707325916,64.7,10153155225.7874,127.491479780224,319143932.575037,3.39108943939209,84.50774,1.008394,0.0055947130956829055
2011,Slovenia,1.46906,0.8775664661257103,2052843,33716.9177787681,59391588537.9105,1.04001394058119,64.6,9651559697.85301,139.27790412957,875946337.676014,3.4104909896850586,83.23753,1.052852,0.014748659856384964
2012,Slovenia,1.43073,0.8567858906778003,2057159,32758.1081044729,59745699109.9106,0.479042876812329,62.9,8826377040.44762,142.38443222449,33537889.4917932,3.4301388263702393,82.31678,1.014999,5.61343996161055e-4
2013,Slovenia,1.4359,0.8595888015848102,2059953,32376.9603317336,61744411397.5613,1.60035618631579,61.7,9129097873.94929,143.756354645877,104022716.628641,3.4500367641448975,72.97685,1.000792,0.001684730881291542
2014,Slovenia,1.41088,0.8460242308123941,2061980,33240.4970057813,63653371400.3498,0.456033235194496,62.7,9123356477.83244,145.549749680424,1019380613.49717,3.470188856124878,59.18109,1.001514,0.016014558083431982
2015,Slovenia,1.42499,0.853673954777174,2063531,33949.6025823699,65283414434.9714,1.00504268819512,60.3,9012691443.84108,146.29585550925,1730147099.28223,3.4905993938446045,51.33055,0.9745702,0.026502092671724823
2016,Slovenia,1.44739,0.8658180948771788,2065042,34983.790720201,69939494147.2441,0.751406256506911,60.6,8679950735.07666,147.395789121303,1446274234.68466,3.5112721920013428,47.35297,1.082672,0.02067893473235321
2017,Slovenia,1.4319,0.8574202051383808,2066388,36650.8021903461,75734777836.5049,1.58192081381566,59.2,9579720558.21453,157.479281805919,1196228604.69281,3.5322117805480957,44.57029,1.023465,0.015794970802914487
